Version,Major version,ab,ace,af,am,an,ann,anp,ar,ast,ay,az,azb,ban,be,bg,bn,bo,bqi,br,bs,ca,cak,ceb,ckb,co,cs,cy,da,de,dsb,el,en-CA,en-GB,eo,es,es-AR,es-CL,es-ES,es-MX,et,eu,fa,ff,fi,fr,fur,fy-NL,ga-IE,gd,gl,gn,gu-IN,he,hi-IN,hil,hr,hsb,hu,hus,hy-AM,ia,id,is,it,ixl,ja,jv,ka,kaa,kab,kk,kmr,kn,ko,kw,lij,lo,lt,meh,mix,ml,mr,ms,my,nb-NO,ne-NP,nl,nn-NO,nv,oc,or,pa-IN,pa-PK,pai,pl,ppl,pt-BR,pt-PT,quc,quy,rm,ro,ru,sat,sat-Olck,sc,scn,si,sk,skr,sl,sn,sq,sr,su,sv-SE,szl,ta,te,tg,th,tl,tok,tr,trs,tsz,tt,tzm,ug,uk,ur,uz,vec,vi,wo,yo,yua,yue,zam,zh-CN,zh-HK,zh-TW
'79.0,79,,,,,0.9989,,,0.7588,0.9306,,0.7033,,,0.8954,0.3084,0.7524,,,0.9989,0.9989,0.9989,0.9989,,,0.9989,0.9989,0.9989,0.9989,0.9989,0.9989,0.8655,0.9989,0.9989,0.9989,0.9989,0.9989,0.9989,0.9989,0.9989,0.8677,0.9989,0.9989,0.7652,0.9989,0.9989,,0.9989,0.825,0.8517,,0.9989,0.7727,0.9787,0.9893,,0.9989,0.9989,0.9989,,0.9989,,0.9989,0.9989,0.9989,,0.9989,,0.9989,,0.9989,0.9989,,0.9947,0.9989,,0.9989,0.7983,0.9989,,,0.9989,0.9648,0.0,0.8709,0.9989,0.0,0.9989,0.9989,0.0064,0.9178,,0.9989,,,0.9989,,0.9989,0.9989,,,0.9989,0.9829,0.9989,,,,,,0.9989,,0.9989,,0.9968,0.9989,0.9989,0.9989,,0.9989,0.9989,,0.9989,,,0.9989,0.9989,,,,,0.9989,0.9541,0.1185,0.8549,0.9989,,,,,,0.9989,,0.9989
'80.0,80,,,,,0.999,,,0.7147,0.9036,,0.6629,,,0.8518,0.536,0.7107,,,0.9777,0.9898,0.997,0.9431,,,0.9777,0.9888,0.999,0.9919,0.999,0.999,0.8508,0.997,0.9898,0.9431,0.9665,0.999,0.997,0.9909,0.9431,0.8193,0.9431,0.9706,0.7218,0.997,0.997,,0.9777,0.7787,0.8041,,0.999,0.7289,0.9817,0.9929,,0.997,0.999,0.999,,0.9919,,0.999,0.9431,0.999,,0.9848,,0.997,,0.997,0.999,,0.9574,0.999,,0.9431,0.7909,0.9726,,,0.9431,0.9117,0.0,0.9147,0.999,0.0,0.9949,0.999,0.0061,0.9553,,0.9909,,,0.999,,0.999,0.999,,,0.9431,0.997,0.999,,,,,,0.999,,0.9939,,0.9777,0.9919,0.997,0.999,,0.9431,0.999,,0.9919,,,0.997,0.9665,,,,,0.999,0.9594,0.6396,0.8071,0.999,,,,,,0.999,,0.999
'81.0,81,,,,,0.9932,,,0.7059,0.9406,,0.7011,,,0.9649,0.5131,0.6806,,,0.9932,0.9932,0.9932,0.9971,,,0.9932,0.9903,0.9932,0.9932,0.999,0.9932,0.964,0.999,0.9932,0.9932,0.9318,0.9932,0.9932,0.9932,0.9932,0.7848,0.9932,0.9825,0.6913,0.9932,0.9932,,0.9932,0.7459,0.9932,0.1665,0.9932,0.7001,0.9834,0.9503,,0.9932,0.999,0.999,,0.9932,,0.9932,0.9065,0.9932,,0.9932,,0.9932,,0.9932,0.9932,,0.9163,0.999,,0.9026,0.7644,0.9932,,,0.9026,0.8734,0.0,0.8763,0.9932,0.0,0.9932,0.9932,0.0058,0.9601,,0.9572,,,0.9932,,0.999,0.9932,,,0.9932,0.962,0.9932,,,,,,0.9932,,0.9932,,0.9932,0.9932,0.9932,0.999,,0.9932,0.9883,,0.9864,,,0.9932,0.925,,,,,0.9932,0.9231,0.6164,0.7731,0.9932,,,,,,0.9932,,0.9932
'82.0,82,,,,,0.9885,,,0.9387,0.9377,,0.6897,,,0.9885,0.8036,0.6695,,,0.9933,0.977,0.977,0.9933,,,0.999,0.9914,0.999,0.9933,0.999,0.999,0.9837,0.999,0.977,0.9828,0.9655,0.999,0.999,0.999,0.977,0.772,0.9818,0.9722,0.6801,0.999,0.999,,0.999,0.7337,0.977,0.1638,0.999,0.7826,0.9847,0.9349,,0.999,0.999,0.999,,0.9933,,0.9933,0.8918,0.999,,0.9933,,0.9933,,0.9933,0.999,,0.9013,0.999,,0.8879,0.7519,0.9933,,,0.8879,0.8592,0.0,0.863,0.999,0.0,0.999,0.999,0.0057,0.9636,,0.9751,,,0.999,,0.999,0.999,,,0.9933,0.9464,0.9933,,,,,,0.9875,,0.9866,,0.9933,0.999,0.978,0.999,,0.977,0.9761,,0.999,,,0.999,0.91,,,,,0.999,0.9157,0.6063,0.7605,0.999,,,,,,0.999,,0.999
'83.0,83,,,,,0.9756,,,0.984,0.9361,,0.6814,,,0.9962,0.8233,0.657,,,0.9803,0.9586,0.9934,0.9991,,,0.9944,0.9925,0.9962,0.9934,0.9962,1.0,0.9962,0.9962,0.9962,0.9643,0.9756,0.9962,0.9962,0.9962,0.9586,0.7575,0.969,0.9539,0.6673,0.9962,0.9953,,0.9934,0.7199,0.9586,0.3778,0.9934,0.7679,0.984,0.9323,,0.9962,1.0,0.9962,,0.9803,,0.9962,0.8778,0.9962,,0.9962,,0.9962,,0.9962,0.9962,,0.8844,1.0,,0.8712,0.7378,0.9962,,,0.8712,0.843,0.0,0.8468,1.0,0.0,0.9962,0.9962,0.0056,0.9633,,0.9897,,,0.9962,,1.0,0.9887,,,0.9962,0.9286,0.9962,,0.3148,,,,0.9737,,0.9944,,0.9934,0.9953,0.985,1.0,,0.9586,0.9577,0.9962,0.9991,0.047,,0.9962,0.9126,,,,,1.0,0.8985,0.5949,0.7462,0.9962,,,,,,0.9962,,0.9962
'84.0,84,,,,,0.9487,,,0.9762,0.9166,,0.6645,,,0.9872,0.8002,0.6407,,,0.9982,0.9322,0.9872,0.9872,,,0.9872,0.9707,0.9991,0.9743,1.0,1.0,0.9991,0.9743,0.9872,0.9377,0.9487,1.0,0.9991,0.9872,0.9322,0.7388,0.9872,0.9276,0.6508,0.9991,0.9872,,0.9872,0.7021,0.9322,0.7305,0.9872,0.7479,0.989,0.9065,,0.9991,1.0,0.9991,,0.9743,,0.9872,0.8533,0.9872,,0.9872,,1.0,,0.9762,0.9936,,0.8598,1.0,,0.8469,0.7168,0.9872,,,0.8469,0.8194,0.0,0.8249,1.0,0.0,0.9963,0.9872,0.0055,0.9707,,0.9688,,,0.9872,,1.0,0.9743,,,0.9872,0.9083,0.9872,0.9872,,,,,0.978,,0.9863,,0.9872,0.9743,0.9872,0.9982,,0.9368,0.945,0.9991,0.9872,0.3318,,0.9982,0.8873,,,,,1.0,0.8854,0.5775,0.7278,0.9872,,,,,,0.9991,,0.9991
'85.0,85,,,,,0.9356,,,0.9909,0.9628,,0.6588,,,1.0,0.7886,0.7877,,,0.9991,0.9192,0.9882,1.0,,,1.0,1.0,1.0,1.0,1.0,1.0,1.0,0.961,1.0,1.0,1.0,1.0,1.0,1.0,1.0,0.7287,1.0,0.9964,0.6416,1.0,1.0,,1.0,0.6924,1.0,0.9338,1.0,0.7377,0.99,0.8947,,1.0,1.0,1.0,,1.0,,1.0,0.8421,1.0,,1.0,,1.0,,1.0,1.0,,0.8485,1.0,,0.8358,0.7223,0.9991,,0.0245,0.8358,0.8085,0.0,0.814,1.0,0.0,1.0,1.0,0.0036,0.9755,,0.9918,,,1.0,,1.0,1.0,,,1.0,0.8956,1.0,0.9982,,,,,1.0,,0.9982,,1.0,1.0,1.0,1.0,,0.9319,0.9682,1.0,1.0,0.4365,,1.0,0.8811,,,,,1.0,0.9247,0.569,0.7178,1.0,,,,,,1.0,,1.0
'86.0,86,,,,,0.9338,,,0.9982,0.9701,,0.6582,,,1.0,0.8558,0.8169,,,1.0,0.9175,1.0,0.9982,,,1.0,0.9991,1.0,1.0,1.0,1.0,1.0,1.0,1.0,1.0,1.0,1.0,1.0,1.0,0.9982,0.7271,1.0,1.0,0.641,1.0,1.0,,1.0,0.6908,0.9982,1.0,1.0,0.7371,0.99,0.9093,,1.0,1.0,1.0,,1.0,,1.0,0.8404,1.0,,1.0,,1.0,,1.0,1.0,0.9773,0.8468,1.0,,0.8341,0.738,0.9991,,0.0245,0.8341,0.8069,0.0,0.8123,1.0,0.0,1.0,1.0,0.0036,0.9837,,1.0,,,1.0,,1.0,1.0,,,1.0,0.8939,1.0,0.9964,,,,,1.0,,1.0,,1.0,1.0,1.0,1.0,,0.9302,0.971,1.0,1.0,0.6047,,1.0,0.8794,,,,,1.0,0.9238,0.5684,0.7162,1.0,,,,,,1.0,,1.0
'87.0,87,,,,,0.9279,,,0.9919,0.982,,0.6541,,,1.0,0.8505,0.8117,,,1.0,0.9117,1.0,1.0,0.0,,1.0,1.0,1.0,1.0,1.0,1.0,1.0,1.0,1.0,0.9991,1.0,1.0,1.0,1.0,0.9919,0.7225,1.0,1.0,0.6369,1.0,1.0,,1.0,0.6865,1.0,1.0,1.0,0.7324,0.9982,0.9054,0.0,1.0,1.0,1.0,,0.9937,,1.0,0.8351,1.0,,1.0,,1.0,,1.0,1.0,0.9793,0.8414,1.0,,0.8288,0.7333,1.0,,0.0658,0.8288,0.8306,0.0,0.8072,1.0,0.0,1.0,1.0,0.0036,0.9802,,1.0,,,1.0,,1.0,1.0,,,1.0,0.8883,1.0,0.991,,,,,1.0,,1.0,,0.9964,1.0,1.0,1.0,,0.9243,0.9658,1.0,1.0,1.0,,1.0,0.8739,,,,,1.0,0.936,0.5649,0.7117,1.0,,,,,,1.0,,1.0
'88.0,88,,,,,0.9172,,,0.9866,0.9662,,0.6465,,,0.9866,0.8958,0.8023,,,0.992,0.9012,1.0,1.0,0.0,,1.0,0.9866,0.9866,0.9866,0.9866,0.9866,0.9866,0.9866,0.9866,1.0,1.0,0.9866,0.9866,0.9866,0.9804,0.7142,1.0,0.992,0.6296,0.9866,0.9866,,0.9866,0.6785,0.9884,0.9991,0.9866,0.724,0.9849,0.894,0.0071,0.9866,0.9866,0.9866,,0.9866,,0.992,0.8255,0.9866,,0.9866,,0.9866,,0.9866,0.9866,0.9724,0.8317,0.9866,,0.8192,0.8032,0.9866,,0.0757,0.8192,0.821,0.0,0.7979,0.9866,0.0,0.9866,0.9866,0.0036,0.984,,0.9866,,,0.9866,,0.9866,0.9866,,,0.9866,0.878,0.9866,0.9804,,,,,0.9866,,0.9866,,0.9866,1.0,0.9866,0.9866,,0.9136,0.9501,0.9866,0.9866,0.9938,,0.9866,0.8638,,,,,0.9866,0.9261,0.5583,0.7035,0.9866,,,,,,0.9866,,0.9866
'89.0,89,,,,,0.8866,,,0.9991,0.9703,,0.6318,,,0.9991,0.8639,0.7818,,,0.9852,0.8709,0.966,0.993,0.0672,,0.993,0.993,0.993,0.9991,0.993,0.993,0.993,0.993,0.993,0.9921,0.9921,0.993,0.993,0.993,0.9825,0.6946,0.9948,0.9581,0.6134,0.993,0.993,,0.993,0.6597,0.9546,0.9651,0.993,0.7068,0.9913,0.8953,0.0087,0.993,0.993,0.993,,0.9921,0.9991,0.9581,0.7984,0.993,,0.9921,,0.9921,,0.993,0.993,0.9782,0.8045,0.993,,0.7923,0.7757,0.9948,,0.0742,0.7923,0.7984,0.0,0.7766,0.993,0.0,0.993,0.993,0.0035,0.993,0.1335,0.993,,,0.993,,0.993,0.9948,,,0.993,0.8482,0.993,0.9459,,,,,0.993,,0.9921,,0.9921,0.9703,0.9991,0.993,0.1291,0.8831,0.952,0.993,0.9991,0.9599,,0.993,0.8403,,0.7958,,,0.993,0.8979,0.5462,0.6841,0.993,,,,,,0.993,,0.993
'90.0,90,,,,,0.872,,,0.9836,0.9559,,0.6228,,,0.9965,0.9965,0.7716,,,0.9965,0.8564,0.9965,0.9931,0.276,0.9187,0.9965,0.9965,0.9965,1.0,0.9965,0.9965,0.9965,0.9965,0.9965,0.9939,0.9965,0.9965,0.9965,0.9965,0.9965,0.6843,0.9844,1.0,0.6047,0.9965,0.9965,,0.9965,0.6497,0.9394,0.9498,0.9965,0.6964,0.9957,0.8815,0.0095,0.9965,0.9965,0.9965,,0.9965,0.9965,0.9965,0.7846,0.9965,,0.9965,,0.9965,,0.9965,0.9965,0.9818,0.7984,0.9965,,0.7785,0.763,1.0,,0.0891,0.7785,0.7855,0.0,0.7638,0.9965,0.0,0.9965,0.9965,0.0035,1.0,0.1324,0.9965,,,0.9965,,0.9965,0.9965,,,1.0,0.8391,0.9965,0.9455,,,,,1.0,,0.9939,,0.9965,0.9965,0.9965,0.9965,0.1739,0.8685,0.9559,0.9965,0.9965,0.9507,,0.9965,0.8261,,0.8997,0.2111,,0.9965,0.9196,0.5389,0.6739,0.9965,,,,,,0.9965,,0.9965
'91.0,91,,,,,0.8599,,,0.9675,0.9462,,0.6149,,0.0307,1.0,1.0,0.76,,,1.0,0.8446,0.9974,0.9889,0.2724,0.9044,1.0,1.0,1.0,1.0,1.0,0.9974,1.0,1.0,1.0,0.9974,0.9974,1.0,1.0,1.0,1.0,0.6755,0.9684,0.9838,0.5969,1.0,0.9974,,0.9974,0.6413,1.0,0.9342,1.0,0.6874,0.9983,0.8676,0.0094,0.9974,1.0,1.0,,0.9974,0.9974,1.0,0.7737,1.0,,1.0,,1.0,,1.0,0.9974,0.9693,0.7874,1.0,,0.7677,0.7754,1.0,,0.088,0.7677,0.7746,0.0,0.7541,0.9974,0.0,1.0,1.0,0.0034,0.9983,0.1307,0.9974,,,1.0,,1.0,1.0,,,1.0,0.8377,1.0,0.9564,,,,,1.0,,0.9949,,0.9906,0.9974,1.0,1.0,0.3544,0.8565,0.9419,1.0,1.0,0.971,,1.0,0.8147,,0.9095,0.2852,,1.0,0.9325,0.532,0.6652,1.0,,0.0043,,,,1.0,,1.0
'92.0,92,,,,,0.8497,,,0.9823,0.9375,,0.6073,,0.0304,0.9882,0.9882,0.7508,,,0.9882,0.8345,0.9882,0.9772,0.2694,0.8936,1.0,1.0,1.0,0.9882,1.0,1.0,0.9975,0.9966,1.0,0.9856,0.9882,1.0,1.0,0.9882,0.9958,0.6858,0.9882,1.0,0.5904,1.0,1.0,,0.9882,0.6334,0.9882,0.9231,1.0,0.6791,0.9975,0.8573,0.0397,0.9992,1.0,1.0,,1.0,1.0,1.0,0.7644,1.0,,1.0,,1.0,,1.0,1.0,0.9578,0.7779,1.0,,0.7584,0.924,1.0,,0.087,0.7584,0.772,0.0,0.9941,0.9882,0.0,1.0,0.9932,0.0034,1.0,0.1292,0.9882,,,1.0,,1.0,0.9882,,,0.9916,0.8615,1.0,0.9882,,,,,1.0,,0.9932,,0.9882,1.0,1.0,1.0,0.3505,0.8463,0.9307,1.0,0.9882,0.9882,,1.0,0.8049,,0.8986,0.2821,,1.0,0.9299,0.5262,0.6571,1.0,,0.0042,,,,1.0,,1.0
'93.0,93,,,,,0.8372,,,0.9683,0.9299,,0.5985,,0.0301,0.9891,0.9741,0.7404,,,1.0,0.8222,0.9741,0.9833,0.2663,0.8815,0.9942,0.9942,1.0,0.9942,1.0,1.0,1.0,0.9942,1.0,0.9716,0.9983,1.0,1.0,1.0,0.9942,0.677,0.9942,0.9942,0.5818,1.0,1.0,,1.0,0.6252,0.9741,0.9098,1.0,0.6694,0.9975,0.8447,0.076,1.0,1.0,1.0,,1.0,1.0,0.9942,0.7529,1.0,,1.0,,1.0,,1.0,1.0,0.9441,0.7663,1.0,,0.7471,0.919,0.9942,,0.086,0.7471,0.7613,0.0,0.9883,0.9942,0.0518,1.0,0.9983,0.0033,0.9983,0.1277,0.9891,,,1.0,,1.0,0.9942,,,0.9942,0.8497,1.0,1.0,,,,,1.0,,1.0,,0.9741,0.9942,1.0,1.0,0.3464,0.8339,0.9174,1.0,1.0,0.98,,1.0,0.793,,0.8898,0.278,,1.0,0.9474,0.5192,0.6486,1.0,,0.0042,,,,1.0,,1.0
'94.0,94,,,,,0.8026,,,0.9813,0.8928,,0.5784,,0.0292,0.9513,0.935,0.7092,,,0.9903,0.788,0.9951,0.9407,0.3006,0.8538,0.9968,0.9927,0.9968,0.9935,0.9968,0.9968,0.9968,0.9951,0.9968,0.9326,0.961,0.9968,0.9968,0.9968,0.9724,0.6499,0.9968,0.9504,0.5548,0.9968,0.9951,,0.9968,0.6003,0.9496,0.8733,0.9968,0.6442,0.9919,0.8107,0.121,0.9968,0.9968,0.9968,,0.9951,0.9968,0.9968,0.7214,0.9968,,0.9968,,0.9618,,0.9968,0.9968,0.948,0.7449,0.9968,,0.7157,0.9082,0.9968,,0.0837,0.7157,0.7295,0.0,0.9448,0.9951,0.0504,0.9968,0.9813,0.0032,0.9968,0.1243,0.9968,,,0.9651,,0.9968,0.9951,,,0.9968,0.8132,0.9968,0.9756,,,,,0.9968,,0.9903,,0.935,0.9504,0.9968,0.9968,0.3331,0.7994,0.8806,0.9968,0.9683,0.9391,,0.9968,0.7604,,0.87,0.2673,,0.9968,0.9066,0.4996,0.6231,0.9968,,0.0041,,,,0.9968,,0.9968
'95.0,95,,,,,0.8023,,,0.9788,0.8897,,0.5801,,0.0319,1.0,0.9526,0.7083,,,0.9959,0.7876,1.0,0.9355,0.4771,0.8513,1.0,0.9967,1.0,1.0,1.0,1.0,1.0,1.0,1.0,0.9273,0.9967,1.0,1.0,1.0,1.0,0.6511,1.0,0.9453,0.5547,1.0,1.0,,1.0,0.6013,0.9444,0.8709,1.0,0.6454,0.9959,0.8595,0.1185,1.0,1.0,1.0,,1.0,1.0,0.9943,0.7255,1.0,,1.0,,1.0,,1.0,1.0,0.942,0.7451,1.0,,0.7157,0.9036,1.0,,0.0842,0.7157,0.7296,0.0,0.9395,1.0,0.2958,1.0,1.0,0.0033,1.0,0.125,1.0,,,1.0,,1.0,1.0,,,1.0,0.8129,1.0,0.973,,,,,1.0,,0.9951,,1.0,0.9453,1.0,1.0,0.3243,0.8096,0.8783,1.0,1.0,0.9338,,1.0,0.7647,,0.8652,0.2672,,1.0,0.942,0.5065,0.6242,1.0,,0.0041,,,,1.0,,1.0
'96.0,96,,,,,0.7826,,,0.971,0.8841,,0.567,,0.0353,0.9973,0.9429,0.6947,,,0.99,0.7663,0.9964,0.9239,0.5009,0.8333,0.9982,0.9991,1.0,1.0,0.9991,0.9991,0.9991,0.9973,1.0,0.9149,0.9946,0.9991,0.9991,0.9991,0.9991,0.6277,1.0,0.9348,0.5362,0.9991,0.9991,,1.0,0.5752,0.9783,0.8533,1.0,0.6205,0.9946,0.9094,0.125,1.0,0.9991,0.9991,,1.0,0.9991,0.9882,0.7418,1.0,,0.9991,,1.0,,0.9991,0.9991,0.9547,0.7237,0.9991,,0.692,0.8913,0.9973,,0.0933,0.692,0.7074,0.0,0.9284,1.0,0.5389,0.9991,1.0,0.0036,0.9991,0.1386,1.0,,,0.9991,,0.9991,0.9991,,,1.0,0.7917,1.0,0.9837,,,,,0.9991,,0.9937,,1.0,0.9384,1.0,0.9991,0.2926,0.7908,0.8732,0.9991,0.9964,0.9221,,1.0,0.7464,,0.9049,0.2699,,0.9991,0.9339,0.596,0.5987,0.9991,,0.0045,,,,0.9991,,0.9991
'97.0,97,,,,,0.7754,0.0063,,1.0,0.8769,,0.5615,,0.0341,1.0,0.9335,0.6882,,,0.9784,0.7592,0.9847,0.9146,0.4933,0.8257,1.0,1.0,1.0,1.0,1.0,1.0,1.0,1.0,1.0,0.9057,0.9829,1.0,1.0,1.0,1.0,0.6226,1.0,0.9317,0.531,1.0,1.0,,1.0,0.5705,0.9668,0.8455,1.0,0.6146,0.9964,0.9003,0.1231,0.9901,1.0,1.0,,1.0,1.0,1.0,1.0,1.0,,1.0,,1.0,,1.0,1.0,0.9919,0.717,1.0,,0.6864,0.8823,1.0,,0.0916,0.6864,0.7008,0.0,0.9191,1.0,0.5328,1.0,1.0,0.0036,1.0,0.1366,1.0,,,1.0,,1.0,1.0,,,1.0,0.7835,1.0,0.9766,,,,,1.0,,0.9937,,0.9883,0.9757,0.9901,1.0,0.2902,0.7835,0.8652,1.0,0.9847,0.9128,,1.0,0.7394,,0.929,0.2668,,1.0,0.9281,0.637,0.5939,1.0,,0.0036,,,,1.0,,1.0
'98.0,98,,,,,0.768,0.0062,,0.9982,0.8684,,0.5564,,0.0347,0.9884,0.9244,0.6818,,,0.9671,0.752,0.9991,0.9067,0.4871,0.8178,0.9982,0.9884,0.9991,1.0,0.9991,0.9991,0.9991,1.0,0.9991,0.8969,0.9769,1.0,0.9991,0.9991,0.9991,0.9129,1.0,0.9227,0.5262,0.9991,0.9991,,0.9991,0.5653,0.9564,0.8373,1.0,0.6089,0.992,0.8898,0.1218,1.0,0.9991,0.9991,,1.0,0.9991,0.9991,0.9991,0.9991,,0.9991,,0.9991,,0.9982,1.0,0.9804,0.7102,0.9991,,0.68,0.8729,1.0,,0.0907,0.68,0.6942,0.0,0.9102,1.0,0.5262,1.0,1.0,0.0036,0.9991,0.1351,1.0,,,0.9991,,1.0,0.9991,,,0.9991,0.776,1.0,0.9991,,,,,0.9991,,0.9982,,1.0,0.9644,0.9787,0.9991,0.2871,0.776,0.8569,0.9991,0.9982,0.904,,0.9991,0.7324,,0.9422,0.272,,0.9991,0.9191,0.696,0.5884,0.9991,,0.0036,,,,0.9991,,0.9991
'99.0,99,0.0,,,,0.7674,0.0089,,0.984,0.8654,,0.5579,,0.0357,0.9742,0.9189,0.6836,,,1.0,0.7513,0.9964,0.902,0.484,0.8137,1.0,0.9982,1.0,1.0,1.0,1.0,1.0,1.0,1.0,0.893,0.9643,1.0,1.0,1.0,1.0,1.0,1.0,0.918,0.5276,1.0,1.0,,1.0,0.5668,0.9465,0.836,1.0,0.6105,0.992,0.8868,0.1266,0.9857,1.0,1.0,,1.0,1.0,1.0,1.0,1.0,,1.0,,1.0,,1.0,1.0,0.9661,0.7103,1.0,,0.68,0.869,0.9857,,0.0909,0.68,0.6952,0.0,0.9055,1.0,0.5401,1.0,1.0,0.0036,1.0,0.1355,1.0,,,1.0,,1.0,1.0,,,1.0,0.7754,1.0,1.0,,,,,1.0,,1.0,,0.9857,0.9563,0.9831,1.0,0.2852,0.7754,0.885,1.0,1.0,0.9002,0.0731,1.0,0.7326,,0.9305,0.2736,,1.0,0.9135,0.6916,0.59,1.0,,0.0036,,,,1.0,,1.0
'100.0,100,0.0,,,,0.748,0.0088,,0.9629,0.8453,,0.5517,,0.0354,1.0,0.8983,0.672,,,1.0,0.7321,1.0,0.8815,0.4783,0.7975,1.0,1.0,0.9894,1.0,1.0,1.0,1.0,1.0,1.0,0.8921,0.9434,1.0,1.0,1.0,1.0,1.0,1.0,0.8974,0.5146,1.0,1.0,,1.0,0.5561,0.9257,0.8161,1.0,0.6021,0.992,0.8656,0.1256,0.9646,1.0,1.0,,1.0,1.0,1.0,1.0,1.0,,1.0,,1.0,,1.0,1.0,0.9452,0.6914,1.0,,0.6614,0.8497,0.9646,,0.0928,0.6614,0.6755,0.0,0.8851,1.0,0.5349,1.0,1.0,0.0035,1.0,0.1344,1.0,,,1.0,,1.0,1.0,,,1.0,0.756,1.0,0.9929,,,,,1.0,,1.0,,1.0,0.9355,1.0,1.0,0.2821,0.756,0.8638,1.0,1.0,0.8798,0.0902,1.0,0.7135,,0.9134,0.2706,,1.0,0.8966,0.6835,0.5791,1.0,,0.0035,,,,1.0,,1.0
'101.0,101,0.0,,,,0.7303,0.0087,,0.9384,0.843,,0.5403,,0.072,1.0,0.915,0.6565,,,0.9792,0.7155,1.0,0.8595,0.4683,0.7788,1.0,0.9965,1.0,1.0,1.0,1.0,1.0,1.0,1.0,1.0,0.9202,1.0,1.0,1.0,1.0,1.0,0.9801,0.8751,0.503,1.0,1.0,,1.0,0.5429,0.9029,0.7962,1.0,0.5889,0.9965,0.8448,0.1232,0.9402,1.0,1.0,,0.9801,1.0,1.0,1.0,1.0,,1.0,,1.0,,1.0,1.0,0.9931,0.6739,1.0,,0.6453,0.8291,0.9402,,0.0911,0.6461,0.6609,0.0,0.863,1.0,0.5239,1.0,1.0,0.0035,1.0,0.1318,1.0,,,1.0,,1.0,1.0,,,1.0,0.7381,1.0,1.0,,,,,1.0,,1.0,,0.9801,0.9124,1.0,1.0,0.2767,0.7381,0.8873,1.0,1.0,0.8578,0.111,1.0,0.6973,,0.8899,0.2654,0.0243,1.0,0.8751,0.667,0.5663,1.0,,0.0486,,,,1.0,,1.0
'102.0,102,0.0,,,,0.7197,0.0188,,0.9248,0.8308,,0.5325,,0.088,1.0,0.9077,0.647,,,0.965,0.7051,0.9846,0.847,0.4615,0.7675,0.9966,0.994,1.0,1.0,1.0,1.0,1.0,0.9966,1.0,0.9991,0.9068,1.0,1.0,1.0,1.0,1.0,1.0,0.8624,0.4957,1.0,1.0,,1.0,0.535,0.8966,0.7846,1.0,0.5803,0.9966,0.8325,0.1214,0.9265,1.0,1.0,,0.9991,1.0,1.0,1.0,1.0,,1.0,,1.0,,1.0,1.0,0.9803,0.6641,1.0,,0.6359,0.8171,0.9265,,0.0957,0.6368,0.6513,0.0,0.8504,0.9966,0.5162,1.0,0.9974,0.0034,1.0,0.1299,1.0,,,1.0,,1.0,1.0,,,0.9966,0.7274,1.0,1.0,,,,,1.0,0.9991,1.0,,0.9658,0.8991,1.0,1.0,0.4863,0.7274,0.8735,1.0,0.9991,0.8453,0.1103,1.0,0.6872,,0.8769,0.2615,0.0239,1.0,0.8624,0.6573,0.5581,1.0,,0.0974,,,,1.0,,1.0
'103.0,103,0.0,,,,0.7109,0.0186,,0.9138,0.8208,,0.5258,,0.0871,1.0,0.8969,0.6391,,,0.9535,0.6965,0.973,0.8369,0.4565,0.7582,0.9848,0.9941,1.0,1.0,1.0,1.0,1.0,1.0,1.0,1.0,0.896,1.0,1.0,1.0,1.0,1.0,1.0,0.8521,0.4894,1.0,1.0,,1.0,0.5283,0.8859,0.7751,1.0,0.5731,0.9966,0.8225,0.12,0.9155,1.0,1.0,,1.0,1.0,1.0,1.0,1.0,,1.0,,1.0,,1.0,1.0,0.9687,0.6551,1.0,,0.6281,0.847,0.9155,,0.0947,0.6289,0.6433,0.0,0.8402,1.0,0.5097,1.0,1.0,0.0034,1.0,0.1285,1.0,,,1.0,,1.0,1.0,,,1.0,0.7194,1.0,1.0,,,,,1.0,1.0,1.0,,0.9544,0.9256,1.0,1.0,0.4801,0.7185,0.8631,1.0,0.9975,0.8335,0.109,1.0,0.6788,,0.8664,0.2578,0.0237,1.0,0.8521,0.6492,0.5511,1.0,,0.1057,,,,1.0,,1.0
'104.0,104,0.0,,,,0.7036,0.0185,,0.9043,0.8547,,0.5206,,0.0865,0.995,0.8976,0.6322,,,0.9437,0.6893,0.9622,0.8287,0.4526,0.7498,0.9908,0.9899,1.0,0.9908,1.0,1.0,1.0,1.0,1.0,0.9916,0.8866,1.0,1.0,0.9882,1.0,0.9882,1.0,0.8438,0.4836,1.0,1.0,,0.995,0.5223,0.9849,0.7674,1.0,0.5668,0.9966,0.8136,0.1192,0.9454,1.0,1.0,,0.9983,1.0,1.0,1.0,1.0,,1.0,,1.0,,0.9983,0.9983,0.958,0.6482,1.0,,0.6213,0.8396,0.906,,0.094,0.6222,0.6364,0.0,0.8321,1.0,0.5055,1.0,1.0,0.0034,1.0,0.1276,1.0,,,1.0,,1.0,1.0,,,0.9916,0.712,1.0,0.9983,,,,,1.0,0.995,1.0,,0.9815,0.9152,0.9882,1.0,0.4727,0.7112,0.8531,1.0,0.9941,0.8254,0.1083,1.0,0.6717,,0.8573,0.2561,0.0235,1.0,0.843,0.6432,0.5449,1.0,,0.1469,,,,1.0,,1.0
'105.0,105,0.0,,,,0.705,0.0186,,0.9028,0.8715,,0.5207,,0.0862,1.0,0.8994,0.634,,,0.9899,0.6906,0.9586,0.8309,0.4514,0.7515,1.0,0.9932,1.0,1.0,1.0,1.0,1.0,1.0,1.0,1.0,1.0,1.0,1.0,1.0,1.0,0.9848,1.0,0.8445,0.4869,1.0,1.0,,1.0,0.5258,1.0,0.7692,1.0,0.5672,0.9975,0.8132,0.12,0.9594,1.0,1.0,,1.0,1.0,1.0,1.0,1.0,,1.0,,1.0,,1.0,1.0,0.9924,0.6526,1.0,,0.6255,0.8487,0.9036,,0.0964,0.6264,0.6407,0.0,0.8343,1.0,0.5038,1.0,1.0,0.0034,1.0,0.1285,1.0,,,1.0,,1.0,1.0,,,0.9882,0.7134,1.0,1.0,,,,,1.0,1.0,1.0,,0.9839,1.0,0.9975,1.0,0.4658,0.7126,0.8538,1.0,0.9949,0.8276,0.1048,1.0,0.6788,,0.8563,0.2578,0.2671,1.0,0.8453,0.6424,0.5486,1.0,,0.94,,,,1.0,,1.0
'106.0,106,0.0,,,,0.6899,0.0182,,0.8748,0.8491,,0.51,,0.0846,0.9983,0.8698,0.6194,,,0.9569,0.6783,0.9254,0.8101,0.4378,0.7305,0.9983,0.9594,0.9983,0.9983,0.9983,0.9967,0.9983,0.9793,0.9983,0.9983,0.9975,0.9983,0.9983,0.9983,0.9975,0.9511,0.9983,0.8234,0.4776,0.9983,0.9983,,0.9983,0.5141,0.966,0.7521,0.9842,0.5556,0.99,0.7927,0.1177,0.9279,0.9967,0.9983,,0.9983,0.9983,0.9983,0.9983,0.9983,,0.9983,,0.9983,,0.9942,0.9983,0.9768,0.6385,0.9983,,0.6119,0.9983,0.8756,,0.0945,0.6144,0.6285,0.0,0.8126,0.9983,0.4884,0.9983,0.9793,0.0033,0.9983,0.126,0.9983,,,0.9983,,0.9983,0.9983,,,0.9983,0.6998,0.9983,0.971,,,,0.9718,0.9983,0.9784,0.9967,,0.9502,0.9776,0.9942,0.9983,0.442,0.6973,0.8491,0.9975,0.9934,0.8068,0.102,0.9983,0.6642,,0.8317,0.2521,0.272,0.9983,0.8226,0.6849,0.539,0.9983,,0.9776,,,,0.9983,,0.9983
'107.0,107,0.0,,,,0.687,0.0182,,0.8704,0.8448,,0.5078,,0.0842,0.9983,0.8654,0.6168,,,0.9686,0.6755,0.9207,0.8059,0.436,0.7267,0.9983,0.9546,0.9983,0.9983,0.9983,0.9967,0.9983,0.9975,0.9983,0.9934,0.9975,0.9983,0.9983,0.9983,0.9975,0.9463,0.9983,0.8192,0.4756,0.9983,0.9983,,0.9983,0.512,0.9612,0.749,0.9934,0.5533,0.9901,0.7886,0.1173,0.9628,0.9967,0.9983,,0.9983,0.9983,0.9983,0.9983,0.9983,,0.9983,,0.9983,,0.9975,0.9983,0.9901,0.6358,0.9983,,0.6094,0.9983,0.8712,,0.0941,0.6119,0.6259,0.0,0.8084,0.9983,0.4864,0.9983,0.9975,0.0033,0.9983,0.1255,0.9983,,,0.9983,,0.9983,0.9983,,,0.9983,0.6969,0.9983,0.9983,,,,0.9934,0.9983,0.9983,0.9983,,0.9455,0.9727,0.9983,0.9983,0.4418,0.6945,0.8456,0.9975,0.9884,0.8026,0.1016,0.9983,0.6614,,0.8274,0.251,0.2709,0.9983,0.8183,0.6953,0.5367,0.9983,,0.9727,,,,0.9983,,0.9983
'108.0,108,0.0,,,,0.6797,0.018,,0.8595,0.835,,0.5025,,0.0833,0.9984,0.8546,0.6103,,,0.9657,0.6683,0.9093,0.7974,0.4306,0.719,0.9984,0.9681,0.9984,0.9984,0.9984,0.9845,0.9984,0.9975,0.9984,0.9984,0.9975,0.9984,0.9984,0.9984,0.9975,0.9346,0.9984,0.8105,0.4706,0.9984,0.9984,,0.9984,0.5065,0.9493,0.741,0.9975,0.5474,0.9902,0.7794,0.116,0.9526,0.9959,0.9984,,0.9984,0.9984,0.9984,0.9984,0.9984,,0.9984,,0.9984,,0.9975,0.9984,0.9894,0.6291,0.9984,,0.6029,0.9984,0.8603,,0.0931,0.6054,0.6193,0.0,0.7998,0.9984,0.4804,0.9984,0.9975,0.0033,0.9984,0.1242,0.9984,,,0.9984,,0.9984,0.9984,,,0.9984,0.6895,0.9984,0.9984,,,,0.9935,0.9984,0.9984,0.9984,,0.9861,0.9975,0.9984,0.9984,0.4363,0.6871,0.8366,0.9975,0.9984,0.7941,0.1005,0.9984,0.6544,,0.817,0.2484,0.268,0.9984,0.8088,0.9975,0.531,0.9984,,0.9608,,,,0.9984,,0.9984
'109.0,109,0.0,,,,0.6721,0.0178,,0.8502,0.8259,,0.4964,,0.0826,0.9984,0.8453,0.6032,,,0.9547,0.6607,0.8996,0.7887,0.4251,0.7109,0.9984,0.9579,0.9984,0.9984,0.9984,0.9741,0.9984,0.9927,0.9984,0.9984,0.9976,0.9984,0.9984,0.9984,0.9976,0.9247,0.9984,0.8016,0.4648,0.9984,0.9984,,0.9984,0.5004,0.9393,0.7328,0.9976,0.5409,0.983,0.7709,0.115,0.9433,0.9887,0.9984,,0.9984,0.9984,0.9984,0.9984,0.9984,,0.9984,,0.9984,,0.9976,0.9984,0.9903,0.6219,0.9984,,0.596,0.9984,0.851,,0.0923,0.5984,0.6121,0.0,0.7911,0.9919,0.4745,0.9984,0.9927,0.0032,0.9984,0.1231,0.9984,,,0.9984,,0.9984,0.9984,,,0.9919,0.6818,0.9984,0.9984,,,,0.9943,0.9984,0.9984,0.9984,,0.9862,0.9976,0.9951,0.9984,0.4308,0.6794,0.8275,0.9976,0.9984,0.7854,0.0996,0.9984,0.647,,0.8081,0.2453,0.2656,0.9984,0.8,0.9895,0.5247,0.9984,,0.9506,,,,0.9984,,0.9984
'110.0,110,0.0,,,,0.6635,0.0176,,0.8393,0.8153,,0.49,,0.0815,0.9984,0.8345,0.5955,,,0.9424,0.6523,0.9808,0.7786,0.3965,0.7018,0.9984,0.9824,0.9984,0.9984,0.9984,0.9872,0.9896,0.9816,0.9984,0.9856,0.9976,0.9984,0.9984,0.9984,0.996,0.9129,0.9984,0.7906,0.6107,0.9984,0.9984,,0.9984,0.494,0.9273,0.7234,0.9928,0.534,0.9768,0.761,0.1135,0.9329,0.992,0.9984,,0.9984,0.9984,0.9984,0.9984,0.9984,,0.9984,,0.9984,,0.9952,0.9984,0.9816,0.6139,0.9984,,0.5875,0.9984,0.8401,,0.0911,0.5907,0.6043,0.0,0.781,0.9984,0.4684,0.9984,0.9912,0.0032,0.9984,0.1215,0.9984,,,0.9984,,0.9984,0.9984,,,0.9784,0.6731,0.9984,0.9872,,,,0.9944,0.9984,0.9984,0.9952,,0.9864,0.9976,0.9832,0.9984,0.4253,0.6699,0.8153,0.9976,0.9984,0.7754,0.0983,0.9984,0.6387,,0.7978,0.2422,0.2622,0.9984,0.789,0.98,0.518,0.9984,,0.9384,,,,0.9984,,0.9984
'111.0,111,0.0,,,,0.6564,0.0174,,0.829,0.806,,0.4846,,0.0808,0.9984,0.8321,0.5891,,,0.9311,0.6453,0.9984,0.9287,0.3927,0.6944,0.9984,0.9889,1.0,0.9984,0.9984,0.9873,0.9857,1.0,0.9984,0.9984,1.0,0.9984,0.9984,0.9984,0.9968,0.901,0.9984,0.7807,0.6366,0.9984,0.9984,0.9984,1.0,0.4885,0.9145,0.7158,1.0,0.5281,0.9747,0.7514,0.1172,0.9216,1.0,1.0,,0.9984,0.9984,0.9984,1.0,0.9984,,0.9984,,0.9984,0.9984,0.9984,0.9984,0.985,0.6065,0.9984,,0.5812,0.9984,0.8298,,0.0895,0.5843,0.5978,0.0,0.7736,0.9992,0.4624,0.9984,0.9984,0.0032,0.9984,0.1203,0.9984,0.4339,,0.9984,,0.9984,1.0,,,0.9762,0.6659,0.9984,0.9755,,0.8733,,0.996,0.9984,1.0,0.9984,,0.996,0.9984,0.9857,0.9984,0.4173,0.6714,0.8052,0.9984,1.0,0.8591,0.0974,1.0,0.6318,,0.7878,0.2399,0.27,0.9984,0.7791,0.9675,0.5123,0.9984,,0.9256,,,,1.0,,0.9984
'112.0,112,0.0,0.0,0.0,0.9503,0.6538,0.0174,0.0,0.8241,0.8028,0.0,0.4826,,0.0804,1.0,0.8549,0.5868,0.0,,0.9259,0.6427,0.9897,0.9503,0.3912,0.6916,0.9937,0.9811,1.0,1.0,1.0,0.9787,1.0,1.0,1.0,0.9976,1.0,1.0,1.0,1.0,1.0,0.9054,1.0,0.8139,0.6356,1.0,1.0,1.0,1.0,0.4866,0.9093,0.7129,0.9961,0.526,0.9842,0.7476,0.1167,0.9164,0.9976,1.0,0.0,1.0,1.0,0.9897,1.0,1.0,0.0,1.0,0.0,1.0,0.9945,0.9968,1.0,1.0,0.6041,1.0,0.0008,0.5789,1.0,0.8249,0.0,0.0891,0.582,0.5954,0.0,0.7831,1.0,0.4606,1.0,1.0,0.0032,1.0,0.1711,1.0,0.4976,0.0,1.0,0.0118,1.0,1.0,0.0,0.0,1.0,0.6632,1.0,0.9874,,0.8715,,0.9834,1.0,0.9968,1.0,0.0,1.0,1.0,0.9803,1.0,0.414,0.6688,0.8021,1.0,1.0,0.8541,0.097,1.0,0.6293,0.0,0.7831,0.239,0.2689,1.0,0.7752,0.9621,0.5591,1.0,0.0,0.9203,0.0,,0.0,1.0,0.0,1.0
'113.0,113,0.0,0.0,0.0,1.0,0.6401,0.017,0.0,0.8057,0.7864,0.0,0.4729,,0.0789,1.0,0.8351,0.5743,0.0,,0.9056,0.6293,1.0,0.9296,0.3839,0.6757,0.9721,0.9605,1.0,1.0,1.0,1.0,0.9961,1.0,1.0,1.0,1.0,1.0,1.0,1.0,0.9954,0.8847,1.0,1.0,0.6223,1.0,1.0,1.0,1.0,0.476,0.9977,0.6981,1.0,0.5147,0.9768,0.7322,0.1146,0.8963,1.0,1.0,0.0,1.0,1.0,0.969,1.0,1.0,0.0,1.0,0.0,1.0,0.9791,0.9985,1.0,1.0,0.5913,1.0,0.0008,0.5666,1.0,0.8065,0.0,0.0875,0.5697,0.5828,0.0,0.7655,1.0,0.452,1.0,1.0,0.0031,1.0,0.168,1.0,0.5023,0.0,1.0,0.0263,1.0,1.0,0.0,0.0,1.0,0.6494,1.0,1.0,,0.8537,,0.9799,1.0,0.9969,1.0,0.0,0.9946,1.0,0.959,1.0,0.4033,0.6548,0.7856,1.0,1.0,0.8584,0.0952,1.0,0.726,0.0,0.8142,0.2345,0.2639,1.0,0.7601,0.9412,0.548,1.0,0.0,0.9002,0.0,,0.0039,1.0,0.0,1.0
'114.0,114,0.0,0.0,0.0,1.0,0.6401,0.017,0.0,0.8057,0.7864,0.0,0.4729,,0.0789,1.0,0.8351,0.5743,0.0,,0.9056,0.6293,1.0,0.9296,0.3839,0.6757,0.9721,1.0,1.0,1.0,1.0,1.0,1.0,1.0,1.0,1.0,1.0,1.0,1.0,1.0,1.0,0.8847,1.0,1.0,0.6223,1.0,1.0,1.0,1.0,0.476,1.0,1.0,1.0,0.5147,0.9768,0.7322,0.1146,0.8963,1.0,1.0,0.0,1.0,1.0,0.9799,1.0,1.0,0.0,1.0,0.0,1.0,0.9791,0.9985,1.0,1.0,0.5913,1.0,0.0008,0.5666,1.0,0.8382,0.0,0.0875,0.5697,0.5828,0.0,0.7655,1.0,0.452,1.0,1.0,0.0031,1.0,0.2159,1.0,0.5023,0.0,1.0,0.0263,1.0,1.0,0.0,0.0,1.0,0.6494,1.0,1.0,,0.8537,,0.9861,1.0,1.0,1.0,0.0,0.9946,1.0,0.959,1.0,0.4033,0.6548,0.7856,1.0,1.0,0.8584,0.0952,1.0,0.8576,0.0,0.8351,0.2345,0.2639,1.0,0.7601,0.9412,0.548,1.0,0.0,0.9002,0.0,,0.0039,1.0,0.0,1.0
'115.0,115,0.0,0.0,0.0,1.0,0.6347,0.0169,0.0,0.7989,0.7797,0.0,0.4689,,0.0783,1.0,0.8281,0.5695,0.0,,0.8979,0.6239,1.0,0.9325,0.3807,0.67,1.0,1.0,1.0,1.0,1.0,1.0,0.9969,0.9923,1.0,0.987,1.0,1.0,1.0,1.0,0.99,0.8772,1.0,1.0,0.617,1.0,1.0,1.0,1.0,0.472,1.0,1.0,0.9985,0.5104,0.977,0.726,0.1136,0.888,1.0,1.0,0.0,1.0,1.0,0.9701,1.0,1.0,0.0,1.0,0.0,1.0,0.9777,0.9939,1.0,0.987,0.5863,1.0,0.0038,0.5625,1.0,0.8312,0.0,0.0867,0.5649,0.5779,0.0,0.759,1.0,0.4482,1.0,1.0,0.0031,1.0,0.2141,1.0,0.4981,0.0,1.0,0.0261,1.0,1.0,0.0,0.0,1.0,0.6447,1.0,1.0,,0.8465,,0.9962,1.0,0.9923,1.0,0.0,0.9854,0.9985,0.9509,1.0,0.3998,0.6493,0.779,1.0,1.0,0.8511,0.0944,1.0,0.868,0.0,0.8273,0.2325,0.2617,1.0,0.7536,0.9325,0.5434,1.0,0.0,0.8918,0.0,,0.0038,1.0,0.0,1.0
'116.0,116,0.0,0.0,0.0,1.0,0.6357,0.0169,0.0,0.8002,0.7809,0.0,0.4696,,0.0784,1.0,0.8294,0.5703,0.0,,1.0,0.6249,0.9915,0.9262,0.3812,0.671,1.0,1.0,1.0,0.9954,1.0,1.0,1.0,0.9839,1.0,0.9946,1.0,1.0,1.0,1.0,0.9816,0.8786,1.0,1.0,0.618,1.0,1.0,1.0,1.0,0.4727,0.9915,1.0,0.9962,0.5111,0.9792,0.7271,0.1138,1.0,1.0,1.0,0.0,1.0,1.0,0.9685,1.0,1.0,0.0,0.9946,0.0,0.9923,0.9739,0.9946,1.0,0.9931,0.5872,1.0,0.0038,0.5634,1.0,0.8324,0.0,0.0869,0.5657,0.5788,0.0,0.7602,1.0,0.4489,1.0,1.0,0.0031,1.0,0.2145,1.0,0.4965,0.0,0.9954,0.0261,1.0,1.0,0.0,0.0,1.0,0.6449,1.0,1.0,,0.8478,,0.9962,1.0,0.9954,0.9985,0.0,0.9923,0.9939,0.9954,1.0,0.6088,0.6533,0.7802,1.0,1.0,0.8509,0.0945,1.0,1.0,0.0,0.8217,0.2329,0.2621,1.0,0.7548,0.9339,0.5442,1.0,0.0,0.8932,0.0,,0.0038,1.0,0.0,1.0
'117.0,117,0.0,0.0,0.0,1.0,0.6337,0.0169,0.0,0.7977,0.7785,0.0,0.4682,,0.0782,1.0,0.8268,0.5686,0.0,,1.0,0.623,0.9885,0.9234,0.3801,0.669,1.0,1.0,1.0,1.0,1.0,1.0,1.0,0.9808,1.0,1.0,0.9977,1.0,1.0,0.9977,0.9785,0.8759,1.0,1.0,0.6161,1.0,1.0,1.0,1.0,0.4713,0.9885,0.9969,1.0,0.5096,0.9793,0.7249,0.1134,1.0,1.0,1.0,0.0,1.0,1.0,1.0,1.0,1.0,0.0,1.0,0.0,1.0,0.9709,0.9985,1.0,0.99,0.5854,1.0,0.0077,0.5632,0.9985,0.8299,0.0,0.0866,0.564,0.577,0.0,0.7579,1.0,0.4475,1.0,1.0,0.0031,1.0,0.2138,1.0,0.495,0.0,1.0,0.0261,1.0,1.0,0.0,0.0,1.0,0.6429,1.0,1.0,,0.8605,,0.9962,1.0,0.9931,1.0,0.0,0.9893,0.9908,1.0,1.0,0.6069,0.6513,0.7778,1.0,0.9977,0.8483,0.0943,1.0,1.0,0.0,0.8192,0.2322,0.2613,1.0,0.7525,0.931,0.5425,1.0,0.0,0.8904,0.0,,0.0038,1.0,0.0,1.0
'118.0,118,0.0,0.0,0.0,1.0,0.6373,0.0172,0.0,0.8276,0.7816,0.0,0.4711,,0.0796,1.0,0.83,0.5725,0.0,,0.9969,0.624,0.9977,0.922,0.3908,0.6693,1.0,1.0,1.0,1.0,1.0,1.0,1.0,1.0,1.0,1.0,1.0,1.0,1.0,1.0,0.9727,0.8799,1.0,0.9969,0.6186,1.0,1.0,1.0,1.0,0.4727,0.9828,0.9906,1.0,0.5109,0.9782,0.7293,0.1154,1.0,1.0,1.0,0.0,1.0,1.0,0.993,1.0,1.0,0.0,1.0,0.0,1.0,0.9657,1.0,1.0,0.9836,0.5881,1.0,0.0296,0.5663,0.9914,0.8323,0.0,0.0881,0.5647,0.5796,0.0,0.7598,1.0,0.4555,1.0,1.0,0.0031,1.0,0.2137,1.0,0.5023,0.0,1.0,0.0265,1.0,1.0,0.0,0.0,1.0,0.6459,1.0,1.0,,0.8729,,0.993,1.0,0.9867,1.0,0.0,0.9828,0.9852,1.0,1.0,0.5936,0.6544,0.7808,1.0,0.9992,0.8456,0.0959,1.0,1.0,0.0,0.8229,0.2363,0.2652,1.0,0.7559,0.9251,0.5429,1.0,0.0,0.8947,0.0,,0.0039,1.0,0.0,1.0
'119.0,119,0.0,0.0,0.0,0.9956,0.603,0.0162,0.0,0.783,0.7395,0.0,0.4458,,0.0753,1.0,0.7852,0.5417,0.0,,0.9417,0.5904,0.972,0.8723,0.3697,0.6332,1.0,1.0,1.0,1.0,1.0,1.0,1.0,0.9926,1.0,1.0,1.0,1.0,1.0,1.0,0.9203,0.8325,0.9956,0.9417,0.5852,0.9934,1.0,1.0,1.0,0.4472,0.9299,0.9956,0.9985,0.4834,0.9793,0.69,0.1092,0.9528,1.0,1.0,0.0,1.0,1.0,0.9387,1.0,1.0,0.0,1.0,0.0,1.0,0.9137,0.9661,1.0,0.9299,0.5565,1.0,0.028,0.5373,0.9373,0.7875,0.0,0.0834,0.5343,0.5483,0.0,0.7188,0.9446,0.431,1.0,1.0,0.003,0.9786,0.2022,1.0,0.4753,0.0,0.9594,0.0251,1.0,1.0,0.0,0.0,1.0,0.6111,1.0,0.9542,,0.8251,,0.9801,1.0,0.9328,1.0,0.0,0.9299,0.9314,0.9446,1.0,0.5616,0.6192,0.7387,1.0,0.9756,0.8,0.0908,0.9919,0.9476,0.0,0.7786,0.2236,0.2627,1.0,0.7151,0.8753,0.5137,1.0,0.0,0.8465,0.0,,0.0037,1.0,0.0,1.0
'120.0,120,0.0,0.0,0.0,0.9956,0.5875,0.016,0.0,0.7631,0.7208,0.0,0.4344,,0.0722,0.9993,0.766,0.5277,0.0,,0.9198,0.7041,0.9606,0.8535,0.3608,0.6173,0.9876,0.9993,0.9993,0.9993,0.9993,0.9993,0.9993,0.9679,0.9993,0.9993,0.9971,0.9993,0.9993,0.9993,0.8994,0.8127,0.9971,0.9242,0.57,0.9927,0.9993,0.9993,0.9993,0.4359,0.9082,0.9993,0.9993,0.4716,0.9774,0.672,0.1064,0.9439,0.9993,0.9993,0.0,0.9993,0.9993,0.9169,0.9993,0.9993,0.0,0.9993,0.0,0.9993,0.8929,0.9679,0.9993,0.9082,0.5423,0.9993,0.0277,0.5241,0.9155,0.7682,0.0,0.0816,0.5204,0.5343,0.0,0.7004,0.957,0.4206,0.9993,0.9898,0.0029,0.9789,0.1983,0.9993,0.4643,0.0,0.9577,0.0248,0.9993,0.9993,0.0,0.0,0.9993,0.5955,0.9993,0.9322,,0.8054,,0.9796,0.9993,0.9286,0.9993,0.0,0.9971,0.9519,0.9402,0.9993,0.5481,0.6035,0.7201,0.9993,0.9869,0.7806,0.0897,0.9964,0.9257,0.0,0.7595,0.2172,0.914,0.9993,0.6968,0.855,0.5015,0.9993,0.0,0.8265,0.0,,0.0036,0.9993,0.0,0.9993
'121.0,121,0.0,0.0,0.0,0.9883,0.588,0.0161,0.0,0.7641,0.7217,0.0,0.4354,,0.0723,1.0,0.7648,0.5281,0.0,,0.9649,1.0,1.0,0.9313,0.3616,0.618,1.0,1.0,1.0,1.0,1.0,1.0,1.0,0.9591,1.0,0.9978,1.0,1.0,1.0,1.0,0.8904,0.8137,1.0,0.9153,0.5705,0.9934,1.0,1.0,1.0,0.4368,0.8992,0.9978,1.0,0.4726,0.9825,0.6728,0.1066,0.9379,1.0,1.0,0.0,1.0,1.0,0.9087,1.0,1.0,0.0,1.0,0.0,1.0,0.8853,0.9847,1.0,0.8992,0.5435,1.0,0.0278,0.5252,0.9065,0.7692,0.0,0.0818,0.5215,0.5354,0.0,0.7012,1.0,0.4207,1.0,0.9861,0.0029,0.9803,0.1987,1.0,0.4624,0.0,0.9576,0.0248,1.0,0.9978,0.0,0.0,1.0,0.5961,1.0,0.9284,,0.8006,,0.9722,1.0,0.9226,1.0,0.0,1.0,0.973,0.9452,1.0,0.5413,0.6041,0.721,1.0,0.992,0.7809,0.0898,1.0,0.9167,0.0,0.7553,0.2169,0.9671,1.0,0.6976,0.8546,0.5026,1.0,0.0,0.8276,0.0,,0.0037,1.0,0.0,1.0
'122.0,122,0.0,0.0,0.0,1.0,0.5725,0.0156,0.0,0.744,0.7027,0.0,0.4239,,0.0704,0.9936,0.9993,0.5142,0.0,,0.9587,1.0,0.9787,0.9147,0.3521,0.6017,1.0,1.0,1.0,1.0,1.0,1.0,1.0,0.936,1.0,0.9964,1.0,1.0,1.0,1.0,0.9075,0.7923,1.0,0.8912,0.5555,0.9929,1.0,1.0,1.0,0.4253,0.8755,0.9794,1.0,0.4602,0.9986,0.655,0.1038,0.9132,1.0,1.0,0.0,1.0,1.0,0.8848,1.0,1.0,0.0,1.0,0.0,0.9794,0.862,0.973,1.0,0.9004,0.5292,1.0,0.027,0.5114,0.8962,0.7489,0.0,0.0797,0.5078,0.5213,0.0,0.6828,1.0,0.4097,1.0,0.9844,0.0028,0.9808,0.1935,1.0,0.4808,0.0,0.9538,0.0242,1.0,0.9794,0.0,0.0,1.0,0.5804,1.0,0.904,,0.7802,,0.9659,1.0,0.9097,0.9922,0.0,1.0,0.9509,0.9203,1.0,0.527,0.5882,0.702,1.0,0.9908,0.7603,0.0875,1.0,0.8926,0.0,0.7354,0.2112,1.0,1.0,0.6792,0.8321,0.4893,1.0,0.0,0.8058,0.0,,0.0036,1.0,0.0,1.0
'123.0,123,0.0,0.0,0.0,1.0,0.5443,0.0149,0.0,0.7072,0.668,0.0,0.403,0.4212,0.0669,0.975,1.0,0.4888,0.0,,0.9364,1.0,0.9797,0.8736,0.3347,0.5754,1.0,1.0,1.0,1.0,1.0,1.0,1.0,0.8918,1.0,1.0,0.9986,1.0,1.0,0.9986,0.8627,0.8066,0.9973,0.8465,0.5281,0.9939,1.0,1.0,1.0,0.4043,0.8323,0.9304,0.9986,0.4375,0.9986,0.6227,0.0987,0.8675,1.0,1.0,0.0,1.0,1.0,0.8411,1.0,1.0,0.0,1.0,0.0,0.9304,0.8195,0.9608,1.0,0.8567,0.503,1.0,0.0257,0.4861,0.8519,0.712,0.0,0.0757,0.4828,0.4956,0.0,0.6491,0.9594,0.3895,1.0,0.9757,0.0027,1.0,0.1839,1.0,0.497,0.0,0.9561,0.023,1.0,1.0,0.0,0.0,1.0,0.5781,1.0,0.8729,,0.879,,0.9588,1.0,0.881,0.9899,0.0,1.0,0.9033,0.883,1.0,0.501,0.5592,0.6673,1.0,0.9986,0.7228,0.0832,1.0,0.8485,0.0,0.6991,0.2008,1.0,1.0,0.6457,0.7911,0.4652,1.0,0.0,0.7661,0.0,,0.0034,1.0,0.0,1.0
'124.0,124,0.0,0.0,0.0,0.9939,0.5412,0.0149,0.0,0.7034,0.6649,0.0,0.4007,0.602,0.0669,0.9845,0.9986,0.4858,0.0,,0.9405,0.9986,0.9736,0.8757,0.3318,0.5716,0.9986,0.9966,0.9986,0.9986,0.9986,0.9986,0.9986,0.8838,0.9986,0.9986,0.9986,0.9986,0.9986,0.9986,0.8554,0.8014,0.9986,0.8399,0.525,0.9926,0.9986,0.9986,0.9986,0.4027,0.8257,0.9986,0.9953,0.4345,0.998,0.6189,0.098,0.8608,0.9986,0.9986,0.0,0.9986,0.9986,0.8615,0.9986,0.9986,0.0,0.9986,0.0,0.9223,0.8128,0.9561,0.9986,0.8493,0.5,0.9986,0.0257,0.4831,0.8453,0.7081,0.0,0.0757,0.4797,0.4926,0.0,0.6453,0.9986,0.3865,0.9986,0.9797,0.0027,0.9986,0.1811,0.9986,0.4912,0.0,0.9561,0.023,0.9986,0.9986,0.0,0.0,0.9946,0.5764,0.9986,0.8743,,0.875,,0.9541,0.9986,0.8736,0.9865,0.0,0.9986,0.8959,0.8743,0.9986,0.4953,0.5561,0.6642,0.9973,0.9986,0.7176,0.0831,0.9986,0.8419,0.0,0.6932,0.1993,0.9986,0.9986,0.6419,0.7858,0.4622,0.9986,0.0,0.7622,0.0,,0.0034,0.9986,0.0,0.9986
'125.0,125,0.0,0.0,0.0,1.0,0.5186,0.0149,0.0,0.666,0.6335,0.0,0.3881,0.6011,0.0669,0.9831,1.0,0.4719,0.0,,0.9256,1.0,0.9588,0.8715,0.3198,0.549,1.0,1.0,1.0,1.0,1.0,1.0,1.0,1.0,1.0,1.0,1.0,1.0,1.0,1.0,0.8134,0.7708,1.0,0.7978,0.5003,0.9939,1.0,1.0,1.0,0.3915,0.7836,1.0,1.0,0.4219,0.9993,0.5903,0.0967,0.8188,1.0,1.0,0.0,1.0,1.0,0.8195,1.0,1.0,0.0,1.0,0.0,0.879,0.7708,0.9385,1.0,0.8235,0.4773,1.0,0.0257,0.4632,0.8032,0.6707,0.9033,0.0744,0.4598,0.4719,0.0,0.6119,1.0,0.3746,1.0,0.973,0.0027,1.0,0.1785,1.0,0.4773,0.0,0.9574,0.023,1.0,1.0,0.0,0.0,1.0,0.5558,1.0,0.8918,,0.8627,,0.9337,1.0,0.8837,0.9858,0.0,1.0,0.8526,0.8323,1.0,0.4915,0.5335,0.6322,0.9912,1.0,0.6822,0.0744,1.0,0.7999,0.0,0.6579,0.1968,1.0,1.0,0.6065,0.7437,0.4496,1.0,0.0,0.7201,0.0,,0.0034,1.0,0.0,1.0
'126.0,126,0.0,0.0,0.0,1.0,0.505,0.0148,0.0,0.6501,0.6185,0.0,0.3774,0.6078,0.0651,0.961,1.0,0.4587,0.0,,0.912,1.0,0.9322,0.8462,0.3076,0.5353,1.0,1.0,1.0,1.0,1.0,1.0,1.0,1.0,1.0,0.9725,1.0,1.0,1.0,1.0,0.7898,0.7502,0.9725,0.7804,0.4882,0.9933,1.0,1.0,1.0,0.3828,0.7663,1.0,1.0,0.4097,0.9993,0.5762,0.094,0.7952,1.0,1.0,0.0,1.0,1.0,0.8012,1.0,1.0,0.0,0.9919,0.0,0.8543,0.7542,0.9241,1.0,0.7992,0.4641,1.0,0.0242,0.4506,0.7797,0.6548,0.0,0.0705,0.448,0.4587,0.0,0.5964,1.0,0.3613,1.0,0.9584,0.0027,1.0,0.1739,1.0,0.4574,0.0,0.9496,0.0228,1.0,1.0,0.0,0.0,1.0,0.5413,1.0,0.8852,,0.8388,,0.9161,1.0,1.0,0.9772,0.0,1.0,0.8281,0.8261,1.0,0.4762,0.5198,0.6172,1.0,0.9919,0.6662,0.0719,1.0,0.7797,0.0,0.6427,0.1954,1.0,1.0,0.5923,0.7273,0.4372,1.0,0.0,0.7038,0.0,,0.0034,1.0,0.0,1.0
'128.0,128,0.0,0.0,0.0,0.9804,0.4944,0.0144,0.0,0.6349,0.6029,0.0,0.3717,0.6747,0.0653,0.9713,1.0,0.4507,0.0,,0.9366,1.0,1.0,0.8478,0.3044,0.5245,1.0,1.0,1.0,1.0,1.0,1.0,1.0,0.9967,1.0,0.9804,1.0,1.0,1.0,1.0,0.7694,0.7309,0.9987,0.7603,0.4755,0.9954,1.0,1.0,1.0,0.3769,0.7466,1.0,1.0,0.4024,0.9993,0.563,0.0934,0.7747,1.0,1.0,0.0,1.0,1.0,0.7805,1.0,1.0,0.0,1.0,0.0,0.8321,0.7348,0.9641,1.0,0.7792,0.4553,1.0,0.0235,0.4428,0.7616,0.6381,0.8766,0.0738,0.4402,0.4507,0.0,0.5839,1.0,0.356,1.0,1.0,0.0026,1.0,0.1737,1.0,0.4481,0.0,0.9556,0.0222,1.0,1.0,0.0,0.0,1.0,0.5291,1.0,1.0,,0.8576,,0.9046,1.0,0.9915,0.9948,0.0,1.0,0.8067,1.0,1.0,0.4644,0.5095,0.6447,0.9987,0.998,0.6499,0.0732,1.0,0.7596,0.0,0.6264,0.192,1.0,0.9967,0.5787,0.7087,0.4298,1.0,0.0,0.6858,0.0,,0.0033,1.0,0.0,1.0
'129.0,129,0.0,0.0,0.0,0.9671,0.4877,0.0142,0.0,0.6363,0.595,0.0,0.3669,0.7028,0.0646,0.9651,1.0,0.4451,0.0,,0.9554,1.0,1.0,0.8366,0.301,0.5174,1.0,1.0,1.0,1.0,1.0,1.0,1.0,1.0,1.0,0.9968,1.0,1.0,1.0,1.0,1.0,0.7209,1.0,0.7506,0.469,0.9968,1.0,1.0,1.0,0.3721,0.7371,1.0,1.0,0.3973,0.9994,0.5562,0.0917,0.7649,1.0,0.9968,0.0,1.0,1.0,0.7707,1.0,1.0,0.0,1.0,0.0,0.8217,0.7255,0.9994,1.0,0.7694,0.4496,1.0,0.0233,0.4373,0.7519,0.6298,0.8714,0.073,0.4348,0.4451,0.0,0.5762,1.0,0.3508,1.0,1.0,0.0026,0.9968,0.1718,1.0,0.4419,0.0,0.9561,0.022,1.0,1.0,0.0,0.0,1.0,0.5917,1.0,1.0,,0.8463,,0.9257,1.0,0.9826,0.9968,0.0,1.0,0.7965,0.9968,1.0,0.458,0.5032,0.637,0.9948,1.0,0.6415,0.0724,1.0,0.7506,0.0,0.6835,0.1899,1.0,0.9845,0.5711,0.6996,0.4244,1.0,0.0,0.677,0.0,,0.0032,1.0,0.0,1.0
'130.0,130,0.0,0.0,0.0,0.9459,0.4774,0.014,0.0,0.6238,0.5818,0.0,0.359,0.8631,0.0637,0.9497,0.9994,0.4354,0.0,,0.9376,0.9994,0.9936,0.8186,0.296,0.506,0.9994,0.9994,0.9994,0.9994,0.9994,0.9994,0.9994,0.9994,0.9994,0.9745,0.9771,0.9994,0.9994,0.9771,0.9994,0.7237,0.9994,0.7346,0.4615,0.993,0.9994,0.9994,0.9994,0.3647,0.7218,0.9987,0.9955,0.3889,0.9981,0.5436,0.0904,0.8288,0.9994,0.9745,0.0,0.9994,0.9994,0.8059,0.9994,0.9994,0.0,0.9994,0.0,0.8039,0.7104,0.9981,0.9994,0.7568,0.4392,0.9994,0.0229,0.4278,0.7365,0.6162,0.881,0.0719,0.4252,0.4354,0.0,0.5633,0.9987,0.345,0.9994,0.9994,0.0025,0.9994,0.168,0.9994,0.4927,0.0,0.9504,0.0216,0.9994,0.9994,0.0,0.0,0.9898,0.5786,0.9994,0.9994,,0.8281,,0.9141,0.9994,0.9841,0.993,0.0,0.9936,0.7798,0.9745,0.9994,0.4481,0.4927,0.6225,0.9994,0.9898,0.6276,0.0707,0.9994,0.7352,0.0,0.6906,0.1859,0.9994,0.9854,0.5582,0.6849,0.4157,0.9994,0.0,0.6626,0.0,,0.0032,0.9994,0.0,0.9994
'131.0,131,0.0,0.0,0.0,1.0,0.4723,0.014,0.0,0.7457,0.576,0.0,0.3541,0.8868,0.0617,0.9498,1.0,0.4298,0.0,,0.9777,1.0,1.0,0.8125,0.2905,0.5003,0.9968,1.0,1.0,1.0,1.0,1.0,1.0,1.0,1.0,1.0,1.0,1.0,1.0,1.0,1.0,0.7177,1.0,0.7285,0.4565,0.9968,1.0,1.0,1.0,0.3598,0.7158,1.0,0.9962,0.384,0.9987,0.5385,0.0884,0.9866,1.0,1.0,0.0,1.0,1.0,0.8023,1.0,1.0,0.0,1.0,0.0,0.7978,0.7044,1.0,1.0,0.7508,0.4342,1.0,0.0229,0.4228,0.7622,0.6103,0.8773,0.0668,0.4202,0.4304,0.0,0.5575,0.9987,0.3395,1.0,1.0,0.0025,1.0,0.1634,1.0,0.7203,0.0,0.9574,0.0216,1.0,1.0,0.0,0.0,1.0,0.5728,1.0,1.0,,0.8614,,0.9085,1.0,1.0,1.0,0.0,0.9994,0.7737,1.0,1.0,0.4425,0.487,0.6198,1.0,1.0,0.6217,0.0668,1.0,0.7292,0.0,0.6847,0.1831,1.0,1.0,0.5524,0.679,0.4107,1.0,0.0,0.6567,0.0,,0.0032,1.0,0.0,1.0
'132.0,132,1.0,0.0,0.0,1.0,0.5429,0.0139,0.0,0.9035,0.5712,0.0,0.3512,0.8752,0.0612,0.9376,1.0,0.4262,0.0,,0.9685,1.0,0.9855,0.8108,0.2881,0.4962,0.9823,0.9994,1.0,0.9987,1.0,1.0,1.0,0.9994,1.0,0.9962,0.9987,1.0,1.0,0.9987,0.9987,0.7106,0.9987,0.7963,0.4527,0.9968,1.0,0.9874,1.0,0.3569,0.8512,1.0,0.9956,0.3808,0.9987,0.534,0.0876,0.976,1.0,1.0,0.0,0.9987,1.0,0.7926,1.0,1.0,0.0,1.0,0.0,0.7888,0.6974,1.0,0.9987,0.7434,0.4306,1.0,0.0227,0.4193,0.7547,0.604,0.8676,0.0662,0.4168,0.4269,0.0,0.553,0.9937,0.3367,1.0,1.0,0.0025,0.9931,0.162,1.0,0.7125,0.0,0.9622,0.0214,1.0,1.0,0.0,0.0,1.0,0.5687,1.0,0.9987,,0.8525,,0.8972,1.0,0.9987,1.0,0.0,0.9981,0.7661,0.9975,1.0,0.4376,0.483,0.6217,1.0,1.0,0.6166,0.0662,1.0,0.7219,0.0,0.6784,0.1816,1.0,0.9987,0.5479,0.6721,0.4073,1.0,0.0,0.6501,0.1658,,0.0032,1.0,0.0,1.0
'133.0,133,0.9988,0.0,0.0,1.0,0.5292,0.0136,0.0,0.8821,0.5571,0.0,0.3424,0.8542,0.0589,0.9156,0.9988,0.415,0.0,,0.9801,1.0,1.0,0.7909,0.2798,0.4839,1.0,1.0,1.0,0.9932,1.0,1.0,1.0,0.982,1.0,0.9926,1.0,1.0,1.0,1.0,0.9901,0.6929,1.0,0.7785,0.4411,0.9988,1.0,1.0,1.0,0.348,1.0,0.9988,0.9963,0.3716,0.9981,0.5211,0.085,0.977,1.0,1.0,0.0,1.0,1.0,0.8958,1.0,1.0,0.0,1.0,0.0,0.7692,0.6811,0.9994,1.0,0.8052,0.4206,1.0,0.0217,0.4094,0.7419,0.59,0.8468,0.0639,0.4069,0.4169,0.0,0.5397,0.9888,0.3275,1.0,0.995,0.0025,0.9926,0.1582,1.0,0.6942,0.0,0.9553,0.0205,1.0,1.0,0.0,0.0,1.0,0.5533,1.0,1.0,,0.8319,,0.9045,1.0,0.9833,1.0,0.0,0.9994,0.7928,0.9746,1.0,0.4256,0.4721,0.6067,1.0,1.0,0.6024,0.0639,1.0,0.7047,0.0,0.7407,0.1787,1.0,1.0,0.5347,0.6563,0.3976,1.0,0.0,0.6346,0.188,,0.0031,1.0,0.0,1.0
'134.0,134,0.9787,0.0,0.0,0.9896,0.5189,0.0134,0.0,0.8642,0.6443,0.0,0.3362,0.8368,0.0579,0.9068,1.0,0.4068,0.0,,0.9641,1.0,0.9872,0.7759,0.2741,0.4744,0.9933,1.0,1.0,1.0,1.0,1.0,1.0,1.0,1.0,1.0,1.0,1.0,1.0,1.0,1.0,0.6797,1.0,1.0,0.4324,0.9988,1.0,0.9811,1.0,0.341,0.9811,1.0,0.9982,0.3642,0.9982,0.511,0.0834,0.9647,1.0,1.0,0.0,1.0,1.0,0.8855,1.0,1.0,0.0,1.0,0.0,1.0,0.6681,1.0,1.0,0.8648,0.4123,1.0,0.0213,0.4019,0.7582,0.5786,0.8307,0.0627,0.9257,0.4086,0.0,0.5292,0.9744,0.3216,1.0,0.9872,0.0024,1.0,0.1553,1.0,0.6797,0.0,0.9629,0.0201,1.0,1.0,0.0,0.0,1.0,0.5426,1.0,1.0,,0.8971,,0.916,1.0,0.9756,0.9994,0.0,0.9994,0.9933,0.9549,1.0,0.4172,0.4629,0.6072,1.0,1.0,0.5907,0.0627,1.0,0.6912,0.0,0.866,0.1754,1.0,1.0,0.5244,0.6437,0.3898,1.0,0.0,0.6224,0.1845,,0.003,1.0,0.0,1.0
'135.0,135,0.9605,0.0,0.0,0.9743,0.5102,0.0132,0.0,0.8491,0.6341,0.0,0.3305,0.8222,0.0569,0.9162,1.0,0.4,0.0,,0.9467,1.0,1.0,0.7623,0.2695,0.4659,1.0,1.0,1.0,1.0,1.0,1.0,1.0,1.0,1.0,0.994,1.0,1.0,1.0,1.0,1.0,0.6677,1.0,1.0,0.4251,0.9976,1.0,0.9629,1.0,0.3353,0.9629,1.0,0.9922,0.3581,0.9976,0.5024,0.082,0.9629,1.0,1.0,0.0,1.0,1.0,0.894,1.0,1.0,0.0,1.0,0.0,1.0,0.6563,0.9874,1.0,0.8503,0.4054,1.0,0.021,0.3952,0.7605,0.5683,0.8162,0.0617,0.9473,0.4018,0.0,0.5198,0.9569,0.3162,1.0,0.9766,0.0024,1.0,0.1527,1.0,0.6677,0.0,0.9629,0.0198,1.0,1.0,0.0,0.0,1.0,0.5335,1.0,0.9802,,0.8832,1.0,0.9018,1.0,0.9593,1.0,0.0,0.9994,0.9749,0.9371,1.0,0.4096,0.4563,0.5994,1.0,1.0,0.5802,0.0617,1.0,0.679,0.0,0.8599,0.1725,1.0,1.0,0.5156,0.6323,0.3832,1.0,0.0,0.6114,0.1814,,0.003,1.0,0.0,1.0
'136.0,136,0.9353,0.0,0.0,0.9793,0.5137,0.0134,0.0,0.8377,0.637,0.0,0.3356,0.7944,0.058,0.9067,1.0,0.4045,0.0,,0.964,1.0,1.0,0.7621,0.2739,0.471,0.9963,1.0,1.0,1.0,1.0,1.0,1.0,1.0,1.0,1.0,1.0,1.0,1.0,1.0,0.9854,0.6742,1.0,1.0,0.4314,1.0,1.0,1.0,1.0,0.3392,0.9378,1.0,0.9854,0.363,0.9976,0.507,0.0824,0.9658,1.0,1.0,0.0,1.0,1.0,0.9408,1.0,1.0,0.0,1.0,0.0,1.0,0.6626,0.9774,1.0,0.8591,0.4106,1.0,0.0214,0.4002,0.8334,0.5735,0.8029,0.0628,0.9677,0.407,0.0,0.5241,0.9317,0.3215,1.0,0.964,0.0024,0.9823,0.1556,1.0,0.6742,0.0,0.9945,0.0201,1.0,1.0,0.0,0.0,1.0,0.54,1.0,0.9585,,0.8633,1.0,0.8938,1.0,0.9359,0.9988,0.0,0.9994,0.95,0.9115,1.0,0.4112,0.4619,0.6034,1.0,1.0,0.5851,0.0622,1.0,0.6858,0.0,0.8511,0.1745,1.0,1.0,0.5198,0.6382,0.388,1.0,0.0,0.6168,0.1849,,0.0031,1.0,0.0,1.0
'137.0,137,0.8999,0.0,0.0,0.9753,0.4944,0.0129,0.0,0.8323,0.6463,0.0,0.3225,0.764,0.0553,0.8723,1.0,0.3891,0.0,,0.9459,1.0,0.9612,0.7328,0.2631,0.4538,0.96,1.0,1.0,1.0,1.0,1.0,1.0,1.0,1.0,0.9712,1.0,1.0,1.0,1.0,0.9906,0.6604,1.0,0.9629,0.4155,1.0,1.0,1.0,1.0,0.3261,0.9023,1.0,0.9953,0.349,0.9976,0.4879,0.0795,0.9288,1.0,1.0,0.0,1.0,1.0,1.0,1.0,1.0,0.0,1.0,0.0,1.0,0.6368,0.9464,0.9841,0.8305,0.3949,1.0,0.0206,0.3849,0.8423,0.5515,0.7722,0.0606,0.9623,0.3914,0.0,0.5044,0.9988,0.309,1.0,1.0,0.0024,0.9759,0.1501,1.0,0.648,0.0,0.9994,0.0194,1.0,1.0,0.0,0.0,1.0,0.5191,1.0,0.9235,,0.8317,1.0,0.8605,1.0,0.9005,1.0,0.0,0.9994,0.9141,0.877,1.0,0.3943,0.4444,0.5815,1.0,1.0,0.5633,0.0594,1.0,0.6592,0.0,0.8193,0.1677,1.0,1.0,0.5003,0.6139,0.3732,1.0,0.0,0.5939,0.2313,,0.0029,1.0,0.0,1.0
'138.0,138,0.8794,0.0,0.0,0.9902,0.4818,0.0127,0.0,0.8142,0.6307,0.0,0.3156,0.7461,0.0542,0.858,1.0,0.3803,0.0,,0.9261,1.0,1.0,0.7155,0.2574,0.442,1.0,1.0,1.0,1.0,1.0,1.0,1.0,0.9885,1.0,0.9498,1.0,1.0,1.0,1.0,0.9694,0.6722,1.0,0.9665,0.4057,0.9942,1.0,1.0,1.0,0.3191,0.8817,1.0,0.9977,0.3416,0.9977,0.4755,0.0767,0.9077,1.0,1.0,0.0,1.0,1.0,1.0,1.0,1.0,0.0,1.0,0.0,1.0,0.6215,0.9579,0.9896,0.8355,0.3866,1.0,0.0202,0.3768,0.8707,0.5378,0.7542,0.0589,0.9665,0.3832,0.0,0.4916,0.9838,0.3024,1.0,1.0,0.0023,1.0,0.1466,1.0,0.6324,0.0,0.9879,0.019,1.0,1.0,0.0,0.0,1.0,0.5141,1.0,0.9475,,0.8125,1.0,0.8413,1.0,0.8806,0.9988,0.0,0.9994,0.8932,0.8569,1.0,0.4189,0.4351,0.5678,1.0,0.9965,0.5493,0.0583,1.0,0.6434,0.0,0.8009,0.1633,1.0,1.0,0.4876,0.599,0.3653,1.0,0.0,0.5793,0.2262,0.0,0.0029,1.0,0.0,1.0
'139.0,139,0.8556,0.0,0.0,0.9758,0.4691,0.0124,0.0,0.7921,0.614,0.0,0.3073,0.7258,0.0528,0.8404,0.9994,0.3702,0.0,0.6876,0.918,0.9994,0.9961,0.6961,0.2506,0.4303,0.9994,0.9994,0.9994,0.9994,0.9994,0.9994,0.9994,0.986,0.9994,0.9994,0.9994,0.9994,0.9994,0.9994,0.9404,0.7011,0.9994,0.9809,0.3949,0.9978,0.9994,0.9933,0.9994,0.3107,0.8579,0.9994,0.9983,0.3326,0.9972,0.4629,0.0747,0.8831,0.9994,0.9994,0.0,0.9994,0.9994,0.9787,0.9994,0.9994,0.0,0.9994,0.0,0.9994,0.6051,0.9916,0.9994,0.8118,0.3764,0.9994,0.0197,0.3669,0.8669,0.5236,0.7343,0.0573,0.9652,0.373,0.0,0.4876,0.9545,0.2944,0.9994,0.9994,0.0022,0.9848,0.1427,0.9994,0.6152,0.0,0.9989,0.0185,0.9994,0.9994,0.0,0.0,0.9944,0.5129,0.9994,0.9253,,0.791,0.9994,0.8202,0.9994,0.8567,0.9994,0.0,0.9989,0.868,0.8337,0.9994,0.4079,0.4236,0.5528,0.9994,0.982,0.9978,0.0567,0.9994,0.6264,0.0,0.7865,0.159,0.9994,0.9994,0.4747,0.5831,0.3556,0.9994,0.0,0.564,0.2202,0.0,0.0028,0.9994,0.0,0.9994
'140.0,140,0.8333,0.0,0.0,0.9546,0.4618,0.0122,0.0,0.7724,0.6013,0.0,0.3029,0.7087,0.052,0.8389,1.0,0.3649,0.0,1.0,0.8909,1.0,0.9662,0.6827,0.247,0.4236,0.9806,1.0,1.0,1.0,1.0,1.0,1.0,0.959,1.0,0.9806,1.0,1.0,1.0,1.0,0.9125,0.753,0.9712,0.9928,0.3893,1.0,1.0,1.0,1.0,0.3056,0.8355,1.0,1.0,0.3272,0.9978,0.4596,0.0736,1.0,1.0,1.0,0.0,1.0,1.0,1.0,1.0,1.0,0.0,1.0,0.0,1.0,0.5919,0.9895,1.0,0.8339,0.3704,1.0,0.0194,0.361,0.8439,0.5138,0.7187,0.0565,0.9651,0.3671,0.0,0.4801,0.9878,0.2901,1.0,0.9983,0.0022,0.9756,0.1401,1.0,0.6024,0.0,0.9801,0.0183,1.0,1.0,0.0,0.0,0.9646,0.505,1.0,1.0,,0.7669,1.0,0.7996,1.0,0.8339,1.0,0.0,0.9989,0.8416,0.8151,1.0,0.4009,0.4169,0.5426,1.0,1.0,0.9779,0.1573,1.0,0.613,0.0,0.7674,0.1567,1.0,1.0,0.4657,0.5709,0.3499,1.0,0.0,0.5537,0.2171,0.0,0.0028,1.0,0.0,1.0
'141.0,141,0.797,0.0,0.0,0.9902,0.4501,0.0119,0.0,0.7372,0.5814,0.0,0.2953,0.6764,0.051,0.8263,1.0,0.3556,0.0,1.0,0.9045,1.0,0.9707,0.6574,0.24,0.4131,1.0,1.0,1.0,1.0,1.0,1.0,1.0,1.0,1.0,0.9761,1.0,1.0,1.0,1.0,0.8713,0.7318,0.9321,0.9615,0.3789,1.0,1.0,1.0,1.0,0.298,0.8773,1.0,1.0,0.3187,0.9978,0.4473,0.0717,1.0,1.0,1.0,0.0,1.0,1.0,0.9604,0.9946,1.0,0.0,1.0,0.0,1.0,0.5722,0.9837,0.9946,0.7953,0.3605,1.0,0.019,0.3512,0.8073,0.5,0.6884,0.0543,0.9625,0.3572,0.0,0.4669,1.0,0.2823,1.0,1.0,0.0022,0.9522,0.1363,1.0,0.5744,0.0,0.9772,0.0179,1.0,1.0,0.0,0.0,0.9826,0.4919,1.0,0.9707,,0.8458,1.0,0.7633,1.0,0.7975,0.9935,0.0,0.9636,0.8046,0.7796,1.0,0.3865,0.4061,0.525,1.0,1.0,0.9392,0.544,1.0,0.5928,0.0,0.7345,0.1531,1.0,1.0,0.4533,0.5516,0.3409,1.0,0.0,0.5364,0.2112,0.0,0.0027,1.0,0.0,1.0
